,title,premiere year,rating,time,genre,star,plot
0,Beastly Behaviour,1994,6.0,1 min,"Animation, Short, Comedy",Rupert Farley,Comedic animation series explaining the mating habits of various creatures.
1,Bicentennial Minutes,1974,8.6,1 min,"Short, History"," Walter Cronkite, Cleveland Amory, Edward Asner, Roddy McDowall","Minute-long ""on this day in history"" shorts, used a countdown to America's bicentennial."
2,Heritage Minutes,1991,8.0,1 min,"Short, Drama, History"," Katherine Trowell, Steve Cumyn, Aidan Devine, Jean L'Italien",A series of short films illustrating interesting moments of Canadian history.
3,60 Seconds,2004,5.5,1 min,News," Tasmin Lucia-Khan, Sam Naz, Christopher Lee Johnson, James Harrod","News programme which summarizes all the day's news stories in a one minute bulletin, every hour."
4,Los pintin,1999,5.2,1 min,"Animation, Short, Adventure",,Add a Plot
5,På sofaen,2002,5.4,1 min,Animation,Gunnar Wille,"Each episode features a man lying down on a couch, unburdening his heart to an animated psychoanalyst who is sitting beside him in a soft armchair. The psychoanalyst sometimes takes a new ...                See full summary »"
6,The More You Know,1989,6.6,1 min,Family," Jason Alexander, Tatyana Ali, Jennifer Aniston, Christina Applegate","Launched in 1989, NBC's ""The More You Know"" series of brief public service announcements has utilized the talents of some of Hollywood's brightest stars (almost only actors appearing on ...                See full summary »"
7,Antivol,1977,4.8,1 min,Short," Daniel Ceccaldi, Sylvie Durepaire",Add a Plot
8,Urarochi Diamond,2001,4.6,1 min,Animation,,Add a Plot
9,La noiraude,1976,7.6,1 min,"Animation, Short, Family"," Ginette Garcin, Dominique Marcombe, Gilles Gay",Add a Plot
10,Stop for a Minute,2001,3.0,1 min,"Documentary, Animation, Short"," Jasper Pummell, Francis Pummell, Harmony Korine, Roman Coppola",Add a Plot
11,Quick & Flupke,1984,6.7,1 min,"Animation, Short, Comedy",Alain Perpète,"In these animated versions of cartoons, the eponymous rascals, naughty street-kids in the 'Marollen', a poor but colorful quarter of Brussels, spend their time playing pranks, mainly on ...                See full summary »"
12,Loeki de leeuw,1972,8.0,1 min,Animation,Joop Geesink,"Loeki ""the lion"" was an animated puppet, which appeared (between 1972 and 2004) in one or more ultra-short sketches, often even without any text or just an exclamation, rather like a ...                See full summary »"
13,Dyke Blend,1996,4.2,1 min,Comedy," Fay Masterson, Audrey Tom",A humorous and passionate parody inspired by a well-known coffee advert.
14,L'ours Maturin et la famille Wallace,1993,7.4,1 min,Comedy," Jean-Alexandre Blanchet, Laurent Deshusses, Vanessa Larré, Farney Dougoud",Add a Plot
15,Le journul,1999,6.3,1 min,Comedy,François Pérusse,Add a Plot
16,Purple and Brown,2006,7.5,1 min,"Animation, Comedy"," Richard Webber, Percy",The adventures of two clay blobs.
17,Avez-vous déjà vu..?,2006,7.5,1 min,"Animation, Comedy"," Alain Chabat, Marie Vincent, Karine Lyachenko, François Jerosme",Add a Plot
18,Lascars,1998,7.5,1 min,"Animation, Comedy"," Saïd Taghmaoui, Kader Ayd, Hocine Ossoukine, Doudou Masta",Cult animation series focused on troubles and tribulations of inner city youth in a sharp humorous way.
19,Tardisodes,2006,7.2,1 min,"Short, Sci-Fi"," Robert Booth, Noel Clarke, Silas Carson, Ruari Mears",Prologues to each episode of the second season of Doctor Who (2005).
20,La coccinelle de Gotlib,1995,4.4,1 min,"Animation, Comedy",,Add a Plot
21,Suicidal Squirrels,2007,5.0,1 min,"Animation, Short, Comedy",Robert Missler,Add a Plot
22,Snipets,1972,7.7,1 min,Family,,"""Snipets"" were a unique series of one-minute instructional shorts designed for use within general entertainment programs for children. Each sixty-second segment emphasized a positive human ...                See full summary »"
23,Prom Queen,2007,6.1,1 min,Drama," Katy Stoll, Sean Hankinson, Alexandra French, David Loren",A serialized mystery.
24,Big Chibi 6: The Shorts,2018,6.8,1 min,"Animation, Short, Comedy"," Genesis Rodriguez, Jamie Chung, Khary Payton, Ryan Potter",Add a Plot
25,No Comment,1993,7.2,1 min,News,Sharon Stone,Add a Plot
26,Star Wars Blips,2017,6.1,1 min,"Animation, Comedy",,"A series of animated YouTube shorts featuring comedic looks at BB-8, R2-D2, Chewbacca, and porgs, in promotion for the release of Star Wars: Episode VIII The Last Jedi."
27,Igor Katamaranov,2019,8.5,1 min,Comedy,Anton Lapenko,Short sketches parodying Russian regional TV.
28,ShKYa,2019,6.2,1 min,"Animation, Drama, Horror",,"Weird and mysterious scenes from ordinary life of a Russian boy, his family and office workers."
29,Faiabôru,2008,6.9,1 min,"Animation, Comedy, Sci-Fi"," Tôru Ohkawa, Miyuki Kawasho, Daisuke Gôri","In the distant future, gynoid duchess Drossel von Flügel lives in a manor with her arachnoid servant Gedächtnis."
30,Owl Pellets,2020,8.0,1 min,"Animation, Short, Comedy"," Sarah-Nicole Robles, Alex Hirsch, Wendie Malick, Bumper Robinson","Owl Pellets is a series of shorts about Luz, Eda, and King's antics with magic and the exploration of the Boiling Isles."
31,Train Guy,2019,9.8,1 min,Comedy," Bob Mortimer, Matt Berry","A commuter's video conversations with work colleagues documenting the details of business, banter and life in the 21st century."
32,Weather Report,2005,9.2,1 min,"Comedy, News"," David Lynch, Laura Dern, Emily Stofle, Lula Lynch",David Lynch gives daily weather reports in Los Angeles.
33,Fury Files,2012,5.2,1 min,"Animation, Action, Adventure",Chi McBride,Add a Plot
34,Cueio,2013,8.6,1 min,Animation," Ronaldo de Azevedo, Marcio Philomena",Add a Plot
35,CUEIO,2019,6.0,1 min,Animation," Vittor Ottoni, Ronaldo de Azevedo, Marcio Philomena",Add a Plot
36,S&P Videos,2018,4.8,1 min,"Comedy, Drama, Musical"," Amir Mohammad Jarban, Pouya Shahrokhfar, Sasy Mankan, Hamid Ghafarpour",Add a Plot
37,The Imp,2006,8.3,1 min,"Animation, Comedy, Fantasy"," Julian Rhind-Tutt, Stephen Mangan, Gavin Mitchell, Helen McAlpine","Short, cute and impossibly evil. A delightful comedy, packed with high doses of evil. The Imp is a light-hearted look at trying to square a career spreading the evil -with the mundane ...                See full summary »"
38,Dabox,1999,6.7,1 min,Comedy," Séverin Bavarel, Virgile Bramly, Justine Bruneau, Claire Pérot",Add a Plot
39,Drawn Dreams,2015,7.0,1 min,"Animation, Fantasy, Mystery",Coldmirror,Add a Plot
40,Axmo Deus,2020,9.2,1 min,Horror," Ken Fletcher, Noel Vinson, David MacPhail, Deirdre Campbell","You have officially been marked. Axmo Deus is an anthology series composed of 1-Minute films that run the spectrum from paranormal horror, gore and every bloodcurdling thing in between. There is safety in fear."
41,The Crystal Gems Say Be Anti-Racist,2020,6.4,1 min,"Animation, Family"," Deedee Magno, Estelle, Talia Cuomo, Michaela Dietz",A series of shorts in which the Crystal Gems educate children against racism.
42,Sidetalk,2019,9.7,1 min,Comedy,Trent Simonian,New York's one-minute street show
43,Today's Number Is...,2020,8.7,1 min,"Game-Show, Mystery, News",David Lynch,10 balls. Each ball has a number. Numbers 1 through 10. Swirl the numbers. Pick a number.
44,The Bartender Hates You,2009,7.0,1 min,"Short, Comedy"," Alan Stephens, David Martel, Bert Rotundo, Natalia Fedner","Generation Awesome, having spent time in the trenches of the Hollywood bar scene, have gathered their favorite war stories and brought them to life, THE BARTENDER HATES YOU. Join us as we ...                See full summary »"
45,Gloomy the Naughty Grizzly,2021,4.9,1 min,"Animation, Comedy"," Natsuki Hanae, Kôichi Yamadera","Gloomy, a bear was rescued by a little boy named Pity. At first, the bear was very cute but he was getting wilder as he grow up and forgot that he shouldn't attack humans. That's why he started attacking his owner Pity."
46,All About,2021,6.4,1 min,," Alex Logan, Milly Alcock, Bella Thorne, Eve Hewson","Get to know more about trending stars, movies, and shows with these short videos created by IMDb."
47,Warriors crystal: rebooted,2020,7.4,1 min,"Animation, Action, Adventure"," Heitor Victor, Frisk Dubs, Junior Nazo, Martim Barroso","3 friends were walking back school when they found powerful crystals made by an ancient god that could give them abnormal strength and other super powers, wich they used to fight the evil"
48,The Daily Bugle,2019,6.4,1 min,"Short, News"," Angourie Rice, J.K. Simmons, Tony Revolori, Tom Holland",Online news series covering the dangerous Spider-Man.
49,30-Second Bunny Theatre,2004,6.9,1 min,"Animation, Short, Comedy"," Jennifer Shiman, Douglas McInnes, John Mathot, Bryan Singer","Feature-length films re-enacted by bunnies, condensed to 30 seconds."
50,Beastly Behaviour,1994,6.0,1 min,"Animation, Short, Comedy",Rupert Farley,Comedic animation series explaining the mating habits of various creatures.
51,Bicentennial Minutes,1974,8.6,1 min,"Short, History"," Walter Cronkite, Cleveland Amory, Edward Asner, Roddy McDowall","Minute-long ""on this day in history"" shorts, used a countdown to America's bicentennial."
52,Heritage Minutes,1991,8.0,1 min,"Short, Drama, History"," Katherine Trowell, Steve Cumyn, Aidan Devine, Jean L'Italien",A series of short films illustrating interesting moments of Canadian history.
53,60 Seconds,2004,5.5,1 min,News," Tasmin Lucia-Khan, Sam Naz, Christopher Lee Johnson, James Harrod","News programme which summarizes all the day's news stories in a one minute bulletin, every hour."
54,Los pintin,1999,5.2,1 min,"Animation, Short, Adventure",,Add a Plot
55,På sofaen,2002,5.4,1 min,Animation,Gunnar Wille,"Each episode features a man lying down on a couch, unburdening his heart to an animated psychoanalyst who is sitting beside him in a soft armchair. The psychoanalyst sometimes takes a new ...                See full summary »"
56,The More You Know,1989,6.6,1 min,Family," Jason Alexander, Tatyana Ali, Jennifer Aniston, Christina Applegate","Launched in 1989, NBC's ""The More You Know"" series of brief public service announcements has utilized the talents of some of Hollywood's brightest stars (almost only actors appearing on ...                See full summary »"
57,Antivol,1977,4.8,1 min,Short," Daniel Ceccaldi, Sylvie Durepaire",Add a Plot
58,Urarochi Diamond,2001,4.6,1 min,Animation,,Add a Plot
59,La noiraude,1976,7.6,1 min,"Animation, Short, Family"," Ginette Garcin, Dominique Marcombe, Gilles Gay",Add a Plot
60,Stop for a Minute,2001,3.0,1 min,"Documentary, Animation, Short"," Jasper Pummell, Francis Pummell, Harmony Korine, Roman Coppola",Add a Plot
61,Quick & Flupke,1984,6.7,1 min,"Animation, Short, Comedy",Alain Perpète,"In these animated versions of cartoons, the eponymous rascals, naughty street-kids in the 'Marollen', a poor but colorful quarter of Brussels, spend their time playing pranks, mainly on ...                See full summary »"
62,Loeki de leeuw,1972,8.0,1 min,Animation,Joop Geesink,"Loeki ""the lion"" was an animated puppet, which appeared (between 1972 and 2004) in one or more ultra-short sketches, often even without any text or just an exclamation, rather like a ...                See full summary »"
63,Dyke Blend,1996,4.2,1 min,Comedy," Fay Masterson, Audrey Tom",A humorous and passionate parody inspired by a well-known coffee advert.
64,L'ours Maturin et la famille Wallace,1993,7.4,1 min,Comedy," Jean-Alexandre Blanchet, Laurent Deshusses, Vanessa Larré, Farney Dougoud",Add a Plot
65,Le journul,1999,6.3,1 min,Comedy,François Pérusse,Add a Plot
66,Purple and Brown,2006,7.5,1 min,"Animation, Comedy"," Richard Webber, Percy",The adventures of two clay blobs.
67,Avez-vous déjà vu..?,2006,7.5,1 min,"Animation, Comedy"," Alain Chabat, Marie Vincent, Karine Lyachenko, François Jerosme",Add a Plot
68,Lascars,1998,7.5,1 min,"Animation, Comedy"," Saïd Taghmaoui, Kader Ayd, Hocine Ossoukine, Doudou Masta",Cult animation series focused on troubles and tribulations of inner city youth in a sharp humorous way.
69,Tardisodes,2006,7.2,1 min,"Short, Sci-Fi"," Robert Booth, Noel Clarke, Silas Carson, Ruari Mears",Prologues to each episode of the second season of Doctor Who (2005).
70,La coccinelle de Gotlib,1995,4.4,1 min,"Animation, Comedy",,Add a Plot
71,Suicidal Squirrels,2007,5.0,1 min,"Animation, Short, Comedy",Robert Missler,Add a Plot
72,Snipets,1972,7.7,1 min,Family,,"""Snipets"" were a unique series of one-minute instructional shorts designed for use within general entertainment programs for children. Each sixty-second segment emphasized a positive human ...                See full summary »"
73,Prom Queen,2007,6.1,1 min,Drama," Katy Stoll, Sean Hankinson, Alexandra French, David Loren",A serialized mystery.
74,Big Chibi 6: The Shorts,2018,6.8,1 min,"Animation, Short, Comedy"," Genesis Rodriguez, Jamie Chung, Khary Payton, Ryan Potter",Add a Plot
75,No Comment,1993,7.2,1 min,News,Sharon Stone,Add a Plot
76,Star Wars Blips,2017,6.1,1 min,"Animation, Comedy",,"A series of animated YouTube shorts featuring comedic looks at BB-8, R2-D2, Chewbacca, and porgs, in promotion for the release of Star Wars: Episode VIII The Last Jedi."
77,Igor Katamaranov,2019,8.5,1 min,Comedy,Anton Lapenko,Short sketches parodying Russian regional TV.
78,ShKYa,2019,6.2,1 min,"Animation, Drama, Horror",,"Weird and mysterious scenes from ordinary life of a Russian boy, his family and office workers."
79,Faiabôru,2008,6.9,1 min,"Animation, Comedy, Sci-Fi"," Tôru Ohkawa, Miyuki Kawasho, Daisuke Gôri","In the distant future, gynoid duchess Drossel von Flügel lives in a manor with her arachnoid servant Gedächtnis."
80,Owl Pellets,2020,8.0,1 min,"Animation, Short, Comedy"," Sarah-Nicole Robles, Alex Hirsch, Wendie Malick, Bumper Robinson","Owl Pellets is a series of shorts about Luz, Eda, and King's antics with magic and the exploration of the Boiling Isles."
81,Train Guy,2019,9.8,1 min,Comedy," Bob Mortimer, Matt Berry","A commuter's video conversations with work colleagues documenting the details of business, banter and life in the 21st century."
82,Weather Report,2005,9.2,1 min,"Comedy, News"," David Lynch, Laura Dern, Emily Stofle, Lula Lynch",David Lynch gives daily weather reports in Los Angeles.
83,Fury Files,2012,5.2,1 min,"Animation, Action, Adventure",Chi McBride,Add a Plot
84,Cueio,2013,8.6,1 min,Animation," Ronaldo de Azevedo, Marcio Philomena",Add a Plot
85,CUEIO,2019,6.0,1 min,Animation," Vittor Ottoni, Ronaldo de Azevedo, Marcio Philomena",Add a Plot
86,S&P Videos,2018,4.8,1 min,"Comedy, Drama, Musical"," Amir Mohammad Jarban, Pouya Shahrokhfar, Sasy Mankan, Hamid Ghafarpour",Add a Plot
87,The Imp,2006,8.3,1 min,"Animation, Comedy, Fantasy"," Julian Rhind-Tutt, Stephen Mangan, Gavin Mitchell, Helen McAlpine","Short, cute and impossibly evil. A delightful comedy, packed with high doses of evil. The Imp is a light-hearted look at trying to square a career spreading the evil -with the mundane ...                See full summary »"
88,Dabox,1999,6.7,1 min,Comedy," Séverin Bavarel, Virgile Bramly, Justine Bruneau, Claire Pérot",Add a Plot
89,Drawn Dreams,2015,7.0,1 min,"Animation, Fantasy, Mystery",Coldmirror,Add a Plot
90,Axmo Deus,2020,9.2,1 min,Horror," Ken Fletcher, Noel Vinson, David MacPhail, Deirdre Campbell","You have officially been marked. Axmo Deus is an anthology series composed of 1-Minute films that run the spectrum from paranormal horror, gore and every bloodcurdling thing in between. There is safety in fear."
91,The Crystal Gems Say Be Anti-Racist,2020,6.4,1 min,"Animation, Family"," Deedee Magno, Estelle, Talia Cuomo, Michaela Dietz",A series of shorts in which the Crystal Gems educate children against racism.
92,Sidetalk,2019,9.7,1 min,Comedy,Trent Simonian,New York's one-minute street show
93,Today's Number Is...,2020,8.7,1 min,"Game-Show, Mystery, News",David Lynch,10 balls. Each ball has a number. Numbers 1 through 10. Swirl the numbers. Pick a number.
94,The Bartender Hates You,2009,7.0,1 min,"Short, Comedy"," Alan Stephens, David Martel, Bert Rotundo, Natalia Fedner","Generation Awesome, having spent time in the trenches of the Hollywood bar scene, have gathered their favorite war stories and brought them to life, THE BARTENDER HATES YOU. Join us as we ...                See full summary »"
95,Gloomy the Naughty Grizzly,2021,4.9,1 min,"Animation, Comedy"," Natsuki Hanae, Kôichi Yamadera","Gloomy, a bear was rescued by a little boy named Pity. At first, the bear was very cute but he was getting wilder as he grow up and forgot that he shouldn't attack humans. That's why he started attacking his owner Pity."
96,All About,2021,6.4,1 min,," Alex Logan, Milly Alcock, Bella Thorne, Eve Hewson","Get to know more about trending stars, movies, and shows with these short videos created by IMDb."
97,Warriors crystal: rebooted,2020,7.4,1 min,"Animation, Action, Adventure"," Heitor Victor, Frisk Dubs, Junior Nazo, Martim Barroso","3 friends were walking back school when they found powerful crystals made by an ancient god that could give them abnormal strength and other super powers, wich they used to fight the evil"
98,The Daily Bugle,2019,6.4,1 min,"Short, News"," Angourie Rice, J.K. Simmons, Tony Revolori, Tom Holland",Online news series covering the dangerous Spider-Man.
99,30-Second Bunny Theatre,2004,6.9,1 min,"Animation, Short, Comedy"," Jennifer Shiman, Douglas McInnes, John Mathot, Bryan Singer","Feature-length films re-enacted by bunnies, condensed to 30 seconds."
100,Beastly Behaviour,1994,6.0,1 min,"Animation, Short, Comedy",Rupert Farley,Comedic animation series explaining the mating habits of various creatures.
101,Bicentennial Minutes,1974,8.6,1 min,"Short, History"," Walter Cronkite, Cleveland Amory, Edward Asner, Roddy McDowall","Minute-long ""on this day in history"" shorts, used a countdown to America's bicentennial."
102,Heritage Minutes,1991,8.0,1 min,"Short, Drama, History"," Katherine Trowell, Steve Cumyn, Aidan Devine, Jean L'Italien",A series of short films illustrating interesting moments of Canadian history.
103,60 Seconds,2004,5.5,1 min,News," Tasmin Lucia-Khan, Sam Naz, Christopher Lee Johnson, James Harrod","News programme which summarizes all the day's news stories in a one minute bulletin, every hour."
104,Los pintin,1999,5.2,1 min,"Animation, Short, Adventure",,Add a Plot
105,På sofaen,2002,5.4,1 min,Animation,Gunnar Wille,"Each episode features a man lying down on a couch, unburdening his heart to an animated psychoanalyst who is sitting beside him in a soft armchair. The psychoanalyst sometimes takes a new ...                See full summary »"
106,The More You Know,1989,6.6,1 min,Family," Jason Alexander, Tatyana Ali, Jennifer Aniston, Christina Applegate","Launched in 1989, NBC's ""The More You Know"" series of brief public service announcements has utilized the talents of some of Hollywood's brightest stars (almost only actors appearing on ...                See full summary »"
107,Antivol,1977,4.8,1 min,Short," Daniel Ceccaldi, Sylvie Durepaire",Add a Plot
108,Urarochi Diamond,2001,4.6,1 min,Animation,,Add a Plot
109,La noiraude,1976,7.6,1 min,"Animation, Short, Family"," Ginette Garcin, Dominique Marcombe, Gilles Gay",Add a Plot
110,Stop for a Minute,2001,3.0,1 min,"Documentary, Animation, Short"," Jasper Pummell, Francis Pummell, Harmony Korine, Roman Coppola",Add a Plot
111,Quick & Flupke,1984,6.7,1 min,"Animation, Short, Comedy",Alain Perpète,"In these animated versions of cartoons, the eponymous rascals, naughty street-kids in the 'Marollen', a poor but colorful quarter of Brussels, spend their time playing pranks, mainly on ...                See full summary »"
112,Loeki de leeuw,1972,8.0,1 min,Animation,Joop Geesink,"Loeki ""the lion"" was an animated puppet, which appeared (between 1972 and 2004) in one or more ultra-short sketches, often even without any text or just an exclamation, rather like a ...                See full summary »"
113,Dyke Blend,1996,4.2,1 min,Comedy," Fay Masterson, Audrey Tom",A humorous and passionate parody inspired by a well-known coffee advert.
114,L'ours Maturin et la famille Wallace,1993,7.4,1 min,Comedy," Jean-Alexandre Blanchet, Laurent Deshusses, Vanessa Larré, Farney Dougoud",Add a Plot
115,Le journul,1999,6.3,1 min,Comedy,François Pérusse,Add a Plot
116,Purple and Brown,2006,7.5,1 min,"Animation, Comedy"," Richard Webber, Percy",The adventures of two clay blobs.
117,Avez-vous déjà vu..?,2006,7.5,1 min,"Animation, Comedy"," Alain Chabat, Marie Vincent, Karine Lyachenko, François Jerosme",Add a Plot
118,Lascars,1998,7.5,1 min,"Animation, Comedy"," Saïd Taghmaoui, Kader Ayd, Hocine Ossoukine, Doudou Masta",Cult animation series focused on troubles and tribulations of inner city youth in a sharp humorous way.
119,Tardisodes,2006,7.2,1 min,"Short, Sci-Fi"," Robert Booth, Noel Clarke, Silas Carson, Ruari Mears",Prologues to each episode of the second season of Doctor Who (2005).
120,La coccinelle de Gotlib,1995,4.4,1 min,"Animation, Comedy",,Add a Plot
121,Suicidal Squirrels,2007,5.0,1 min,"Animation, Short, Comedy",Robert Missler,Add a Plot
122,Snipets,1972,7.7,1 min,Family,,"""Snipets"" were a unique series of one-minute instructional shorts designed for use within general entertainment programs for children. Each sixty-second segment emphasized a positive human ...                See full summary »"
123,Prom Queen,2007,6.1,1 min,Drama," Katy Stoll, Sean Hankinson, Alexandra French, David Loren",A serialized mystery.
124,Big Chibi 6: The Shorts,2018,6.8,1 min,"Animation, Short, Comedy"," Genesis Rodriguez, Jamie Chung, Khary Payton, Ryan Potter",Add a Plot
125,No Comment,1993,7.2,1 min,News,Sharon Stone,Add a Plot
126,Star Wars Blips,2017,6.1,1 min,"Animation, Comedy",,"A series of animated YouTube shorts featuring comedic looks at BB-8, R2-D2, Chewbacca, and porgs, in promotion for the release of Star Wars: Episode VIII The Last Jedi."
127,Igor Katamaranov,2019,8.5,1 min,Comedy,Anton Lapenko,Short sketches parodying Russian regional TV.
128,ShKYa,2019,6.2,1 min,"Animation, Drama, Horror",,"Weird and mysterious scenes from ordinary life of a Russian boy, his family and office workers."
129,Faiabôru,2008,6.9,1 min,"Animation, Comedy, Sci-Fi"," Tôru Ohkawa, Miyuki Kawasho, Daisuke Gôri","In the distant future, gynoid duchess Drossel von Flügel lives in a manor with her arachnoid servant Gedächtnis."
130,Owl Pellets,2020,8.0,1 min,"Animation, Short, Comedy"," Sarah-Nicole Robles, Alex Hirsch, Wendie Malick, Bumper Robinson","Owl Pellets is a series of shorts about Luz, Eda, and King's antics with magic and the exploration of the Boiling Isles."
131,Train Guy,2019,9.8,1 min,Comedy," Bob Mortimer, Matt Berry","A commuter's video conversations with work colleagues documenting the details of business, banter and life in the 21st century."
132,Weather Report,2005,9.2,1 min,"Comedy, News"," David Lynch, Laura Dern, Emily Stofle, Lula Lynch",David Lynch gives daily weather reports in Los Angeles.
133,Fury Files,2012,5.2,1 min,"Animation, Action, Adventure",Chi McBride,Add a Plot
134,Cueio,2013,8.6,1 min,Animation," Ronaldo de Azevedo, Marcio Philomena",Add a Plot
135,CUEIO,2019,6.0,1 min,Animation," Vittor Ottoni, Ronaldo de Azevedo, Marcio Philomena",Add a Plot
136,S&P Videos,2018,4.8,1 min,"Comedy, Drama, Musical"," Amir Mohammad Jarban, Pouya Shahrokhfar, Sasy Mankan, Hamid Ghafarpour",Add a Plot
137,The Imp,2006,8.3,1 min,"Animation, Comedy, Fantasy"," Julian Rhind-Tutt, Stephen Mangan, Gavin Mitchell, Helen McAlpine","Short, cute and impossibly evil. A delightful comedy, packed with high doses of evil. The Imp is a light-hearted look at trying to square a career spreading the evil -with the mundane ...                See full summary »"
138,Dabox,1999,6.7,1 min,Comedy," Séverin Bavarel, Virgile Bramly, Justine Bruneau, Claire Pérot",Add a Plot
139,Drawn Dreams,2015,7.0,1 min,"Animation, Fantasy, Mystery",Coldmirror,Add a Plot
140,Axmo Deus,2020,9.2,1 min,Horror," Ken Fletcher, Noel Vinson, David MacPhail, Deirdre Campbell","You have officially been marked. Axmo Deus is an anthology series composed of 1-Minute films that run the spectrum from paranormal horror, gore and every bloodcurdling thing in between. There is safety in fear."
141,The Crystal Gems Say Be Anti-Racist,2020,6.4,1 min,"Animation, Family"," Deedee Magno, Estelle, Talia Cuomo, Michaela Dietz",A series of shorts in which the Crystal Gems educate children against racism.
142,Sidetalk,2019,9.7,1 min,Comedy,Trent Simonian,New York's one-minute street show
143,Today's Number Is...,2020,8.7,1 min,"Game-Show, Mystery, News",David Lynch,10 balls. Each ball has a number. Numbers 1 through 10. Swirl the numbers. Pick a number.
144,The Bartender Hates You,2009,7.0,1 min,"Short, Comedy"," Alan Stephens, David Martel, Bert Rotundo, Natalia Fedner","Generation Awesome, having spent time in the trenches of the Hollywood bar scene, have gathered their favorite war stories and brought them to life, THE BARTENDER HATES YOU. Join us as we ...                See full summary »"
145,Gloomy the Naughty Grizzly,2021,4.9,1 min,"Animation, Comedy"," Natsuki Hanae, Kôichi Yamadera","Gloomy, a bear was rescued by a little boy named Pity. At first, the bear was very cute but he was getting wilder as he grow up and forgot that he shouldn't attack humans. That's why he started attacking his owner Pity."
146,All About,2021,6.4,1 min,," Alex Logan, Milly Alcock, Bella Thorne, Eve Hewson","Get to know more about trending stars, movies, and shows with these short videos created by IMDb."
147,Warriors crystal: rebooted,2020,7.4,1 min,"Animation, Action, Adventure"," Heitor Victor, Frisk Dubs, Junior Nazo, Martim Barroso","3 friends were walking back school when they found powerful crystals made by an ancient god that could give them abnormal strength and other super powers, wich they used to fight the evil"
148,The Daily Bugle,2019,6.4,1 min,"Short, News"," Angourie Rice, J.K. Simmons, Tony Revolori, Tom Holland",Online news series covering the dangerous Spider-Man.
149,30-Second Bunny Theatre,2004,6.9,1 min,"Animation, Short, Comedy"," Jennifer Shiman, Douglas McInnes, John Mathot, Bryan Singer","Feature-length films re-enacted by bunnies, condensed to 30 seconds."
150,Beastly Behaviour,1994,6.0,1 min,"Animation, Short, Comedy",Rupert Farley,Comedic animation series explaining the mating habits of various creatures.
151,Bicentennial Minutes,1974,8.6,1 min,"Short, History"," Walter Cronkite, Cleveland Amory, Edward Asner, Roddy McDowall","Minute-long ""on this day in history"" shorts, used a countdown to America's bicentennial."
152,Heritage Minutes,1991,8.0,1 min,"Short, Drama, History"," Katherine Trowell, Steve Cumyn, Aidan Devine, Jean L'Italien",A series of short films illustrating interesting moments of Canadian history.
153,60 Seconds,2004,5.5,1 min,News," Tasmin Lucia-Khan, Sam Naz, Christopher Lee Johnson, James Harrod","News programme which summarizes all the day's news stories in a one minute bulletin, every hour."
154,Los pintin,1999,5.2,1 min,"Animation, Short, Adventure",,Add a Plot
155,På sofaen,2002,5.4,1 min,Animation,Gunnar Wille,"Each episode features a man lying down on a couch, unburdening his heart to an animated psychoanalyst who is sitting beside him in a soft armchair. The psychoanalyst sometimes takes a new ...                See full summary »"
156,The More You Know,1989,6.6,1 min,Family," Jason Alexander, Tatyana Ali, Jennifer Aniston, Christina Applegate","Launched in 1989, NBC's ""The More You Know"" series of brief public service announcements has utilized the talents of some of Hollywood's brightest stars (almost only actors appearing on ...                See full summary »"
157,Antivol,1977,4.8,1 min,Short," Daniel Ceccaldi, Sylvie Durepaire",Add a Plot
158,Urarochi Diamond,2001,4.6,1 min,Animation,,Add a Plot
159,La noiraude,1976,7.6,1 min,"Animation, Short, Family"," Ginette Garcin, Dominique Marcombe, Gilles Gay",Add a Plot
160,Stop for a Minute,2001,3.0,1 min,"Documentary, Animation, Short"," Jasper Pummell, Francis Pummell, Harmony Korine, Roman Coppola",Add a Plot
161,Quick & Flupke,1984,6.7,1 min,"Animation, Short, Comedy",Alain Perpète,"In these animated versions of cartoons, the eponymous rascals, naughty street-kids in the 'Marollen', a poor but colorful quarter of Brussels, spend their time playing pranks, mainly on ...                See full summary »"
162,Loeki de leeuw,1972,8.0,1 min,Animation,Joop Geesink,"Loeki ""the lion"" was an animated puppet, which appeared (between 1972 and 2004) in one or more ultra-short sketches, often even without any text or just an exclamation, rather like a ...                See full summary »"
163,Dyke Blend,1996,4.2,1 min,Comedy," Fay Masterson, Audrey Tom",A humorous and passionate parody inspired by a well-known coffee advert.
164,L'ours Maturin et la famille Wallace,1993,7.4,1 min,Comedy," Jean-Alexandre Blanchet, Laurent Deshusses, Vanessa Larré, Farney Dougoud",Add a Plot
165,Le journul,1999,6.3,1 min,Comedy,François Pérusse,Add a Plot
166,Purple and Brown,2006,7.5,1 min,"Animation, Comedy"," Richard Webber, Percy",The adventures of two clay blobs.
167,Avez-vous déjà vu..?,2006,7.5,1 min,"Animation, Comedy"," Alain Chabat, Marie Vincent, Karine Lyachenko, François Jerosme",Add a Plot
168,Lascars,1998,7.5,1 min,"Animation, Comedy"," Saïd Taghmaoui, Kader Ayd, Hocine Ossoukine, Doudou Masta",Cult animation series focused on troubles and tribulations of inner city youth in a sharp humorous way.
169,Tardisodes,2006,7.2,1 min,"Short, Sci-Fi"," Robert Booth, Noel Clarke, Silas Carson, Ruari Mears",Prologues to each episode of the second season of Doctor Who (2005).
170,La coccinelle de Gotlib,1995,4.4,1 min,"Animation, Comedy",,Add a Plot
171,Suicidal Squirrels,2007,5.0,1 min,"Animation, Short, Comedy",Robert Missler,Add a Plot
172,Snipets,1972,7.7,1 min,Family,,"""Snipets"" were a unique series of one-minute instructional shorts designed for use within general entertainment programs for children. Each sixty-second segment emphasized a positive human ...                See full summary »"
173,Prom Queen,2007,6.1,1 min,Drama," Katy Stoll, Sean Hankinson, Alexandra French, David Loren",A serialized mystery.
174,Big Chibi 6: The Shorts,2018,6.8,1 min,"Animation, Short, Comedy"," Genesis Rodriguez, Jamie Chung, Khary Payton, Ryan Potter",Add a Plot
175,No Comment,1993,7.2,1 min,News,Sharon Stone,Add a Plot
176,Star Wars Blips,2017,6.1,1 min,"Animation, Comedy",,"A series of animated YouTube shorts featuring comedic looks at BB-8, R2-D2, Chewbacca, and porgs, in promotion for the release of Star Wars: Episode VIII The Last Jedi."
177,Igor Katamaranov,2019,8.5,1 min,Comedy,Anton Lapenko,Short sketches parodying Russian regional TV.
178,ShKYa,2019,6.2,1 min,"Animation, Drama, Horror",,"Weird and mysterious scenes from ordinary life of a Russian boy, his family and office workers."
179,Faiabôru,2008,6.9,1 min,"Animation, Comedy, Sci-Fi"," Tôru Ohkawa, Miyuki Kawasho, Daisuke Gôri","In the distant future, gynoid duchess Drossel von Flügel lives in a manor with her arachnoid servant Gedächtnis."
180,Owl Pellets,2020,8.0,1 min,"Animation, Short, Comedy"," Sarah-Nicole Robles, Alex Hirsch, Wendie Malick, Bumper Robinson","Owl Pellets is a series of shorts about Luz, Eda, and King's antics with magic and the exploration of the Boiling Isles."
181,Train Guy,2019,9.8,1 min,Comedy," Bob Mortimer, Matt Berry","A commuter's video conversations with work colleagues documenting the details of business, banter and life in the 21st century."
182,Weather Report,2005,9.2,1 min,"Comedy, News"," David Lynch, Laura Dern, Emily Stofle, Lula Lynch",David Lynch gives daily weather reports in Los Angeles.
183,Fury Files,2012,5.2,1 min,"Animation, Action, Adventure",Chi McBride,Add a Plot
184,Cueio,2013,8.6,1 min,Animation," Ronaldo de Azevedo, Marcio Philomena",Add a Plot
185,CUEIO,2019,6.0,1 min,Animation," Vittor Ottoni, Ronaldo de Azevedo, Marcio Philomena",Add a Plot
186,S&P Videos,2018,4.8,1 min,"Comedy, Drama, Musical"," Amir Mohammad Jarban, Pouya Shahrokhfar, Sasy Mankan, Hamid Ghafarpour",Add a Plot
187,The Imp,2006,8.3,1 min,"Animation, Comedy, Fantasy"," Julian Rhind-Tutt, Stephen Mangan, Gavin Mitchell, Helen McAlpine","Short, cute and impossibly evil. A delightful comedy, packed with high doses of evil. The Imp is a light-hearted look at trying to square a career spreading the evil -with the mundane ...                See full summary »"
188,Dabox,1999,6.7,1 min,Comedy," Séverin Bavarel, Virgile Bramly, Justine Bruneau, Claire Pérot",Add a Plot
189,Drawn Dreams,2015,7.0,1 min,"Animation, Fantasy, Mystery",Coldmirror,Add a Plot
190,Axmo Deus,2020,9.2,1 min,Horror," Ken Fletcher, Noel Vinson, David MacPhail, Deirdre Campbell","You have officially been marked. Axmo Deus is an anthology series composed of 1-Minute films that run the spectrum from paranormal horror, gore and every bloodcurdling thing in between. There is safety in fear."
191,The Crystal Gems Say Be Anti-Racist,2020,6.4,1 min,"Animation, Family"," Deedee Magno, Estelle, Talia Cuomo, Michaela Dietz",A series of shorts in which the Crystal Gems educate children against racism.
192,Sidetalk,2019,9.7,1 min,Comedy,Trent Simonian,New York's one-minute street show
193,Today's Number Is...,2020,8.7,1 min,"Game-Show, Mystery, News",David Lynch,10 balls. Each ball has a number. Numbers 1 through 10. Swirl the numbers. Pick a number.
194,The Bartender Hates You,2009,7.0,1 min,"Short, Comedy"," Alan Stephens, David Martel, Bert Rotundo, Natalia Fedner","Generation Awesome, having spent time in the trenches of the Hollywood bar scene, have gathered their favorite war stories and brought them to life, THE BARTENDER HATES YOU. Join us as we ...                See full summary »"
195,Gloomy the Naughty Grizzly,2021,4.9,1 min,"Animation, Comedy"," Natsuki Hanae, Kôichi Yamadera","Gloomy, a bear was rescued by a little boy named Pity. At first, the bear was very cute but he was getting wilder as he grow up and forgot that he shouldn't attack humans. That's why he started attacking his owner Pity."
196,All About,2021,6.4,1 min,," Alex Logan, Milly Alcock, Bella Thorne, Eve Hewson","Get to know more about trending stars, movies, and shows with these short videos created by IMDb."
197,Warriors crystal: rebooted,2020,7.4,1 min,"Animation, Action, Adventure"," Heitor Victor, Frisk Dubs, Junior Nazo, Martim Barroso","3 friends were walking back school when they found powerful crystals made by an ancient god that could give them abnormal strength and other super powers, wich they used to fight the evil"
198,The Daily Bugle,2019,6.4,1 min,"Short, News"," Angourie Rice, J.K. Simmons, Tony Revolori, Tom Holland",Online news series covering the dangerous Spider-Man.
199,30-Second Bunny Theatre,2004,6.9,1 min,"Animation, Short, Comedy"," Jennifer Shiman, Douglas McInnes, John Mathot, Bryan Singer","Feature-length films re-enacted by bunnies, condensed to 30 seconds."
200,Beastly Behaviour,1994,6.0,1 min,"Animation, Short, Comedy",Rupert Farley,Comedic animation series explaining the mating habits of various creatures.
201,Bicentennial Minutes,1974,8.6,1 min,"Short, History"," Walter Cronkite, Cleveland Amory, Edward Asner, Roddy McDowall","Minute-long ""on this day in history"" shorts, used a countdown to America's bicentennial."
202,Heritage Minutes,1991,8.0,1 min,"Short, Drama, History"," Katherine Trowell, Steve Cumyn, Aidan Devine, Jean L'Italien",A series of short films illustrating interesting moments of Canadian history.
203,60 Seconds,2004,5.5,1 min,News," Tasmin Lucia-Khan, Sam Naz, Christopher Lee Johnson, James Harrod","News programme which summarizes all the day's news stories in a one minute bulletin, every hour."
204,Los pintin,1999,5.2,1 min,"Animation, Short, Adventure",,Add a Plot
205,På sofaen,2002,5.4,1 min,Animation,Gunnar Wille,"Each episode features a man lying down on a couch, unburdening his heart to an animated psychoanalyst who is sitting beside him in a soft armchair. The psychoanalyst sometimes takes a new ...                See full summary »"
206,The More You Know,1989,6.6,1 min,Family," Jason Alexander, Tatyana Ali, Jennifer Aniston, Christina Applegate","Launched in 1989, NBC's ""The More You Know"" series of brief public service announcements has utilized the talents of some of Hollywood's brightest stars (almost only actors appearing on ...                See full summary »"
207,Antivol,1977,4.8,1 min,Short," Daniel Ceccaldi, Sylvie Durepaire",Add a Plot
208,Urarochi Diamond,2001,4.6,1 min,Animation,,Add a Plot
209,La noiraude,1976,7.6,1 min,"Animation, Short, Family"," Ginette Garcin, Dominique Marcombe, Gilles Gay",Add a Plot
210,Stop for a Minute,2001,3.0,1 min,"Documentary, Animation, Short"," Jasper Pummell, Francis Pummell, Harmony Korine, Roman Coppola",Add a Plot
211,Quick & Flupke,1984,6.7,1 min,"Animation, Short, Comedy",Alain Perpète,"In these animated versions of cartoons, the eponymous rascals, naughty street-kids in the 'Marollen', a poor but colorful quarter of Brussels, spend their time playing pranks, mainly on ...                See full summary »"
212,Loeki de leeuw,1972,8.0,1 min,Animation,Joop Geesink,"Loeki ""the lion"" was an animated puppet, which appeared (between 1972 and 2004) in one or more ultra-short sketches, often even without any text or just an exclamation, rather like a ...                See full summary »"
213,Dyke Blend,1996,4.2,1 min,Comedy," Fay Masterson, Audrey Tom",A humorous and passionate parody inspired by a well-known coffee advert.
214,L'ours Maturin et la famille Wallace,1993,7.4,1 min,Comedy," Jean-Alexandre Blanchet, Laurent Deshusses, Vanessa Larré, Farney Dougoud",Add a Plot
215,Le journul,1999,6.3,1 min,Comedy,François Pérusse,Add a Plot
216,Purple and Brown,2006,7.5,1 min,"Animation, Comedy"," Richard Webber, Percy",The adventures of two clay blobs.
217,Avez-vous déjà vu..?,2006,7.5,1 min,"Animation, Comedy"," Alain Chabat, Marie Vincent, Karine Lyachenko, François Jerosme",Add a Plot
218,Lascars,1998,7.5,1 min,"Animation, Comedy"," Saïd Taghmaoui, Kader Ayd, Hocine Ossoukine, Doudou Masta",Cult animation series focused on troubles and tribulations of inner city youth in a sharp humorous way.
219,Tardisodes,2006,7.2,1 min,"Short, Sci-Fi"," Robert Booth, Noel Clarke, Silas Carson, Ruari Mears",Prologues to each episode of the second season of Doctor Who (2005).
220,La coccinelle de Gotlib,1995,4.4,1 min,"Animation, Comedy",,Add a Plot
221,Suicidal Squirrels,2007,5.0,1 min,"Animation, Short, Comedy",Robert Missler,Add a Plot
222,Snipets,1972,7.7,1 min,Family,,"""Snipets"" were a unique series of one-minute instructional shorts designed for use within general entertainment programs for children. Each sixty-second segment emphasized a positive human ...                See full summary »"
223,Prom Queen,2007,6.1,1 min,Drama," Katy Stoll, Sean Hankinson, Alexandra French, David Loren",A serialized mystery.
224,Big Chibi 6: The Shorts,2018,6.8,1 min,"Animation, Short, Comedy"," Genesis Rodriguez, Jamie Chung, Khary Payton, Ryan Potter",Add a Plot
225,No Comment,1993,7.2,1 min,News,Sharon Stone,Add a Plot
226,Star Wars Blips,2017,6.1,1 min,"Animation, Comedy",,"A series of animated YouTube shorts featuring comedic looks at BB-8, R2-D2, Chewbacca, and porgs, in promotion for the release of Star Wars: Episode VIII The Last Jedi."
227,Igor Katamaranov,2019,8.5,1 min,Comedy,Anton Lapenko,Short sketches parodying Russian regional TV.
228,ShKYa,2019,6.2,1 min,"Animation, Drama, Horror",,"Weird and mysterious scenes from ordinary life of a Russian boy, his family and office workers."
229,Faiabôru,2008,6.9,1 min,"Animation, Comedy, Sci-Fi"," Tôru Ohkawa, Miyuki Kawasho, Daisuke Gôri","In the distant future, gynoid duchess Drossel von Flügel lives in a manor with her arachnoid servant Gedächtnis."
230,Owl Pellets,2020,8.0,1 min,"Animation, Short, Comedy"," Sarah-Nicole Robles, Alex Hirsch, Wendie Malick, Bumper Robinson","Owl Pellets is a series of shorts about Luz, Eda, and King's antics with magic and the exploration of the Boiling Isles."
231,Train Guy,2019,9.8,1 min,Comedy," Bob Mortimer, Matt Berry","A commuter's video conversations with work colleagues documenting the details of business, banter and life in the 21st century."
232,Weather Report,2005,9.2,1 min,"Comedy, News"," David Lynch, Laura Dern, Emily Stofle, Lula Lynch",David Lynch gives daily weather reports in Los Angeles.
233,Fury Files,2012,5.2,1 min,"Animation, Action, Adventure",Chi McBride,Add a Plot
234,Cueio,2013,8.6,1 min,Animation," Ronaldo de Azevedo, Marcio Philomena",Add a Plot
235,CUEIO,2019,6.0,1 min,Animation," Vittor Ottoni, Ronaldo de Azevedo, Marcio Philomena",Add a Plot
236,S&P Videos,2018,4.8,1 min,"Comedy, Drama, Musical"," Amir Mohammad Jarban, Pouya Shahrokhfar, Sasy Mankan, Hamid Ghafarpour",Add a Plot
237,The Imp,2006,8.3,1 min,"Animation, Comedy, Fantasy"," Julian Rhind-Tutt, Stephen Mangan, Gavin Mitchell, Helen McAlpine","Short, cute and impossibly evil. A delightful comedy, packed with high doses of evil. The Imp is a light-hearted look at trying to square a career spreading the evil -with the mundane ...                See full summary »"
238,Dabox,1999,6.7,1 min,Comedy," Séverin Bavarel, Virgile Bramly, Justine Bruneau, Claire Pérot",Add a Plot
239,Drawn Dreams,2015,7.0,1 min,"Animation, Fantasy, Mystery",Coldmirror,Add a Plot
240,Axmo Deus,2020,9.2,1 min,Horror," Ken Fletcher, Noel Vinson, David MacPhail, Deirdre Campbell","You have officially been marked. Axmo Deus is an anthology series composed of 1-Minute films that run the spectrum from paranormal horror, gore and every bloodcurdling thing in between. There is safety in fear."
241,The Crystal Gems Say Be Anti-Racist,2020,6.4,1 min,"Animation, Family"," Deedee Magno, Estelle, Talia Cuomo, Michaela Dietz",A series of shorts in which the Crystal Gems educate children against racism.
242,Sidetalk,2019,9.7,1 min,Comedy,Trent Simonian,New York's one-minute street show
243,Today's Number Is...,2020,8.7,1 min,"Game-Show, Mystery, News",David Lynch,10 balls. Each ball has a number. Numbers 1 through 10. Swirl the numbers. Pick a number.
244,The Bartender Hates You,2009,7.0,1 min,"Short, Comedy"," Alan Stephens, David Martel, Bert Rotundo, Natalia Fedner","Generation Awesome, having spent time in the trenches of the Hollywood bar scene, have gathered their favorite war stories and brought them to life, THE BARTENDER HATES YOU. Join us as we ...                See full summary »"
245,Gloomy the Naughty Grizzly,2021,4.9,1 min,"Animation, Comedy"," Natsuki Hanae, Kôichi Yamadera","Gloomy, a bear was rescued by a little boy named Pity. At first, the bear was very cute but he was getting wilder as he grow up and forgot that he shouldn't attack humans. That's why he started attacking his owner Pity."
246,All About,2021,6.4,1 min,," Alex Logan, Milly Alcock, Bella Thorne, Eve Hewson","Get to know more about trending stars, movies, and shows with these short videos created by IMDb."
247,Warriors crystal: rebooted,2020,7.4,1 min,"Animation, Action, Adventure"," Heitor Victor, Frisk Dubs, Junior Nazo, Martim Barroso","3 friends were walking back school when they found powerful crystals made by an ancient god that could give them abnormal strength and other super powers, wich they used to fight the evil"
248,The Daily Bugle,2019,6.4,1 min,"Short, News"," Angourie Rice, J.K. Simmons, Tony Revolori, Tom Holland",Online news series covering the dangerous Spider-Man.
249,30-Second Bunny Theatre,2004,6.9,1 min,"Animation, Short, Comedy"," Jennifer Shiman, Douglas McInnes, John Mathot, Bryan Singer","Feature-length films re-enacted by bunnies, condensed to 30 seconds."
250,Beastly Behaviour,1994,6.0,1 min,"Animation, Short, Comedy",Rupert Farley,Comedic animation series explaining the mating habits of various creatures.
251,Bicentennial Minutes,1974,8.6,1 min,"Short, History"," Walter Cronkite, Cleveland Amory, Edward Asner, Roddy McDowall","Minute-long ""on this day in history"" shorts, used a countdown to America's bicentennial."
252,Heritage Minutes,1991,8.0,1 min,"Short, Drama, History"," Katherine Trowell, Steve Cumyn, Aidan Devine, Jean L'Italien",A series of short films illustrating interesting moments of Canadian history.
253,60 Seconds,2004,5.5,1 min,News," Tasmin Lucia-Khan, Sam Naz, Christopher Lee Johnson, James Harrod","News programme which summarizes all the day's news stories in a one minute bulletin, every hour."
254,Los pintin,1999,5.2,1 min,"Animation, Short, Adventure",,Add a Plot
255,På sofaen,2002,5.4,1 min,Animation,Gunnar Wille,"Each episode features a man lying down on a couch, unburdening his heart to an animated psychoanalyst who is sitting beside him in a soft armchair. The psychoanalyst sometimes takes a new ...                See full summary »"
256,The More You Know,1989,6.6,1 min,Family," Jason Alexander, Tatyana Ali, Jennifer Aniston, Christina Applegate","Launched in 1989, NBC's ""The More You Know"" series of brief public service announcements has utilized the talents of some of Hollywood's brightest stars (almost only actors appearing on ...                See full summary »"
257,Antivol,1977,4.8,1 min,Short," Daniel Ceccaldi, Sylvie Durepaire",Add a Plot
258,Urarochi Diamond,2001,4.6,1 min,Animation,,Add a Plot
259,La noiraude,1976,7.6,1 min,"Animation, Short, Family"," Ginette Garcin, Dominique Marcombe, Gilles Gay",Add a Plot
260,Stop for a Minute,2001,3.0,1 min,"Documentary, Animation, Short"," Jasper Pummell, Francis Pummell, Harmony Korine, Roman Coppola",Add a Plot
261,Quick & Flupke,1984,6.7,1 min,"Animation, Short, Comedy",Alain Perpète,"In these animated versions of cartoons, the eponymous rascals, naughty street-kids in the 'Marollen', a poor but colorful quarter of Brussels, spend their time playing pranks, mainly on ...                See full summary »"
262,Loeki de leeuw,1972,8.0,1 min,Animation,Joop Geesink,"Loeki ""the lion"" was an animated puppet, which appeared (between 1972 and 2004) in one or more ultra-short sketches, often even without any text or just an exclamation, rather like a ...                See full summary »"
263,Dyke Blend,1996,4.2,1 min,Comedy," Fay Masterson, Audrey Tom",A humorous and passionate parody inspired by a well-known coffee advert.
264,L'ours Maturin et la famille Wallace,1993,7.4,1 min,Comedy," Jean-Alexandre Blanchet, Laurent Deshusses, Vanessa Larré, Farney Dougoud",Add a Plot
265,Le journul,1999,6.3,1 min,Comedy,François Pérusse,Add a Plot
266,Purple and Brown,2006,7.5,1 min,"Animation, Comedy"," Richard Webber, Percy",The adventures of two clay blobs.
267,Avez-vous déjà vu..?,2006,7.5,1 min,"Animation, Comedy"," Alain Chabat, Marie Vincent, Karine Lyachenko, François Jerosme",Add a Plot
268,Lascars,1998,7.5,1 min,"Animation, Comedy"," Saïd Taghmaoui, Kader Ayd, Hocine Ossoukine, Doudou Masta",Cult animation series focused on troubles and tribulations of inner city youth in a sharp humorous way.
269,Tardisodes,2006,7.2,1 min,"Short, Sci-Fi"," Robert Booth, Noel Clarke, Silas Carson, Ruari Mears",Prologues to each episode of the second season of Doctor Who (2005).
270,La coccinelle de Gotlib,1995,4.4,1 min,"Animation, Comedy",,Add a Plot
271,Suicidal Squirrels,2007,5.0,1 min,"Animation, Short, Comedy",Robert Missler,Add a Plot
272,Snipets,1972,7.7,1 min,Family,,"""Snipets"" were a unique series of one-minute instructional shorts designed for use within general entertainment programs for children. Each sixty-second segment emphasized a positive human ...                See full summary »"
273,Prom Queen,2007,6.1,1 min,Drama," Katy Stoll, Sean Hankinson, Alexandra French, David Loren",A serialized mystery.
274,Big Chibi 6: The Shorts,2018,6.8,1 min,"Animation, Short, Comedy"," Genesis Rodriguez, Jamie Chung, Khary Payton, Ryan Potter",Add a Plot
275,No Comment,1993,7.2,1 min,News,Sharon Stone,Add a Plot
276,Star Wars Blips,2017,6.1,1 min,"Animation, Comedy",,"A series of animated YouTube shorts featuring comedic looks at BB-8, R2-D2, Chewbacca, and porgs, in promotion for the release of Star Wars: Episode VIII The Last Jedi."
277,Igor Katamaranov,2019,8.5,1 min,Comedy,Anton Lapenko,Short sketches parodying Russian regional TV.
278,ShKYa,2019,6.2,1 min,"Animation, Drama, Horror",,"Weird and mysterious scenes from ordinary life of a Russian boy, his family and office workers."
279,Faiabôru,2008,6.9,1 min,"Animation, Comedy, Sci-Fi"," Tôru Ohkawa, Miyuki Kawasho, Daisuke Gôri","In the distant future, gynoid duchess Drossel von Flügel lives in a manor with her arachnoid servant Gedächtnis."
280,Owl Pellets,2020,8.0,1 min,"Animation, Short, Comedy"," Sarah-Nicole Robles, Alex Hirsch, Wendie Malick, Bumper Robinson","Owl Pellets is a series of shorts about Luz, Eda, and King's antics with magic and the exploration of the Boiling Isles."
281,Train Guy,2019,9.8,1 min,Comedy," Bob Mortimer, Matt Berry","A commuter's video conversations with work colleagues documenting the details of business, banter and life in the 21st century."
282,Weather Report,2005,9.2,1 min,"Comedy, News"," David Lynch, Laura Dern, Emily Stofle, Lula Lynch",David Lynch gives daily weather reports in Los Angeles.
283,Fury Files,2012,5.2,1 min,"Animation, Action, Adventure",Chi McBride,Add a Plot
284,Cueio,2013,8.6,1 min,Animation," Ronaldo de Azevedo, Marcio Philomena",Add a Plot
285,CUEIO,2019,6.0,1 min,Animation," Vittor Ottoni, Ronaldo de Azevedo, Marcio Philomena",Add a Plot
286,S&P Videos,2018,4.8,1 min,"Comedy, Drama, Musical"," Amir Mohammad Jarban, Pouya Shahrokhfar, Sasy Mankan, Hamid Ghafarpour",Add a Plot
287,The Imp,2006,8.3,1 min,"Animation, Comedy, Fantasy"," Julian Rhind-Tutt, Stephen Mangan, Gavin Mitchell, Helen McAlpine","Short, cute and impossibly evil. A delightful comedy, packed with high doses of evil. The Imp is a light-hearted look at trying to square a career spreading the evil -with the mundane ...                See full summary »"
288,Dabox,1999,6.7,1 min,Comedy," Séverin Bavarel, Virgile Bramly, Justine Bruneau, Claire Pérot",Add a Plot
289,Drawn Dreams,2015,7.0,1 min,"Animation, Fantasy, Mystery",Coldmirror,Add a Plot
290,Axmo Deus,2020,9.2,1 min,Horror," Ken Fletcher, Noel Vinson, David MacPhail, Deirdre Campbell","You have officially been marked. Axmo Deus is an anthology series composed of 1-Minute films that run the spectrum from paranormal horror, gore and every bloodcurdling thing in between. There is safety in fear."
291,The Crystal Gems Say Be Anti-Racist,2020,6.4,1 min,"Animation, Family"," Deedee Magno, Estelle, Talia Cuomo, Michaela Dietz",A series of shorts in which the Crystal Gems educate children against racism.
292,Sidetalk,2019,9.7,1 min,Comedy,Trent Simonian,New York's one-minute street show
293,Today's Number Is...,2020,8.7,1 min,"Game-Show, Mystery, News",David Lynch,10 balls. Each ball has a number. Numbers 1 through 10. Swirl the numbers. Pick a number.
294,The Bartender Hates You,2009,7.0,1 min,"Short, Comedy"," Alan Stephens, David Martel, Bert Rotundo, Natalia Fedner","Generation Awesome, having spent time in the trenches of the Hollywood bar scene, have gathered their favorite war stories and brought them to life, THE BARTENDER HATES YOU. Join us as we ...                See full summary »"
295,Gloomy the Naughty Grizzly,2021,4.9,1 min,"Animation, Comedy"," Natsuki Hanae, Kôichi Yamadera","Gloomy, a bear was rescued by a little boy named Pity. At first, the bear was very cute but he was getting wilder as he grow up and forgot that he shouldn't attack humans. That's why he started attacking his owner Pity."
296,All About,2021,6.4,1 min,," Alex Logan, Milly Alcock, Bella Thorne, Eve Hewson","Get to know more about trending stars, movies, and shows with these short videos created by IMDb."
297,Warriors crystal: rebooted,2020,7.4,1 min,"Animation, Action, Adventure"," Heitor Victor, Frisk Dubs, Junior Nazo, Martim Barroso","3 friends were walking back school when they found powerful crystals made by an ancient god that could give them abnormal strength and other super powers, wich they used to fight the evil"
298,The Daily Bugle,2019,6.4,1 min,"Short, News"," Angourie Rice, J.K. Simmons, Tony Revolori, Tom Holland",Online news series covering the dangerous Spider-Man.
299,30-Second Bunny Theatre,2004,6.9,1 min,"Animation, Short, Comedy"," Jennifer Shiman, Douglas McInnes, John Mathot, Bryan Singer","Feature-length films re-enacted by bunnies, condensed to 30 seconds."
300,Beastly Behaviour,1994,6.0,1 min,"Animation, Short, Comedy",Rupert Farley,Comedic animation series explaining the mating habits of various creatures.
301,Bicentennial Minutes,1974,8.6,1 min,"Short, History"," Walter Cronkite, Cleveland Amory, Edward Asner, Roddy McDowall","Minute-long ""on this day in history"" shorts, used a countdown to America's bicentennial."
302,Heritage Minutes,1991,8.0,1 min,"Short, Drama, History"," Katherine Trowell, Steve Cumyn, Aidan Devine, Jean L'Italien",A series of short films illustrating interesting moments of Canadian history.
303,60 Seconds,2004,5.5,1 min,News," Tasmin Lucia-Khan, Sam Naz, Christopher Lee Johnson, James Harrod","News programme which summarizes all the day's news stories in a one minute bulletin, every hour."
304,Los pintin,1999,5.2,1 min,"Animation, Short, Adventure",,Add a Plot
305,På sofaen,2002,5.4,1 min,Animation,Gunnar Wille,"Each episode features a man lying down on a couch, unburdening his heart to an animated psychoanalyst who is sitting beside him in a soft armchair. The psychoanalyst sometimes takes a new ...                See full summary »"
306,The More You Know,1989,6.6,1 min,Family," Jason Alexander, Tatyana Ali, Jennifer Aniston, Christina Applegate","Launched in 1989, NBC's ""The More You Know"" series of brief public service announcements has utilized the talents of some of Hollywood's brightest stars (almost only actors appearing on ...                See full summary »"
307,Antivol,1977,4.8,1 min,Short," Daniel Ceccaldi, Sylvie Durepaire",Add a Plot
308,Urarochi Diamond,2001,4.6,1 min,Animation,,Add a Plot
309,La noiraude,1976,7.6,1 min,"Animation, Short, Family"," Ginette Garcin, Dominique Marcombe, Gilles Gay",Add a Plot
310,Stop for a Minute,2001,3.0,1 min,"Documentary, Animation, Short"," Jasper Pummell, Francis Pummell, Harmony Korine, Roman Coppola",Add a Plot
311,Quick & Flupke,1984,6.7,1 min,"Animation, Short, Comedy",Alain Perpète,"In these animated versions of cartoons, the eponymous rascals, naughty street-kids in the 'Marollen', a poor but colorful quarter of Brussels, spend their time playing pranks, mainly on ...                See full summary »"
312,Loeki de leeuw,1972,8.0,1 min,Animation,Joop Geesink,"Loeki ""the lion"" was an animated puppet, which appeared (between 1972 and 2004) in one or more ultra-short sketches, often even without any text or just an exclamation, rather like a ...                See full summary »"
313,Dyke Blend,1996,4.2,1 min,Comedy," Fay Masterson, Audrey Tom",A humorous and passionate parody inspired by a well-known coffee advert.
314,L'ours Maturin et la famille Wallace,1993,7.4,1 min,Comedy," Jean-Alexandre Blanchet, Laurent Deshusses, Vanessa Larré, Farney Dougoud",Add a Plot
315,Le journul,1999,6.3,1 min,Comedy,François Pérusse,Add a Plot
316,Purple and Brown,2006,7.5,1 min,"Animation, Comedy"," Richard Webber, Percy",The adventures of two clay blobs.
317,Avez-vous déjà vu..?,2006,7.5,1 min,"Animation, Comedy"," Alain Chabat, Marie Vincent, Karine Lyachenko, François Jerosme",Add a Plot
318,Lascars,1998,7.5,1 min,"Animation, Comedy"," Saïd Taghmaoui, Kader Ayd, Hocine Ossoukine, Doudou Masta",Cult animation series focused on troubles and tribulations of inner city youth in a sharp humorous way.
319,Tardisodes,2006,7.2,1 min,"Short, Sci-Fi"," Robert Booth, Noel Clarke, Silas Carson, Ruari Mears",Prologues to each episode of the second season of Doctor Who (2005).
320,La coccinelle de Gotlib,1995,4.4,1 min,"Animation, Comedy",,Add a Plot
321,Suicidal Squirrels,2007,5.0,1 min,"Animation, Short, Comedy",Robert Missler,Add a Plot
322,Snipets,1972,7.7,1 min,Family,,"""Snipets"" were a unique series of one-minute instructional shorts designed for use within general entertainment programs for children. Each sixty-second segment emphasized a positive human ...                See full summary »"
323,Prom Queen,2007,6.1,1 min,Drama," Katy Stoll, Sean Hankinson, Alexandra French, David Loren",A serialized mystery.
324,Big Chibi 6: The Shorts,2018,6.8,1 min,"Animation, Short, Comedy"," Genesis Rodriguez, Jamie Chung, Khary Payton, Ryan Potter",Add a Plot
325,No Comment,1993,7.2,1 min,News,Sharon Stone,Add a Plot
326,Star Wars Blips,2017,6.1,1 min,"Animation, Comedy",,"A series of animated YouTube shorts featuring comedic looks at BB-8, R2-D2, Chewbacca, and porgs, in promotion for the release of Star Wars: Episode VIII The Last Jedi."
327,Igor Katamaranov,2019,8.5,1 min,Comedy,Anton Lapenko,Short sketches parodying Russian regional TV.
328,ShKYa,2019,6.2,1 min,"Animation, Drama, Horror",,"Weird and mysterious scenes from ordinary life of a Russian boy, his family and office workers."
329,Faiabôru,2008,6.9,1 min,"Animation, Comedy, Sci-Fi"," Tôru Ohkawa, Miyuki Kawasho, Daisuke Gôri","In the distant future, gynoid duchess Drossel von Flügel lives in a manor with her arachnoid servant Gedächtnis."
330,Owl Pellets,2020,8.0,1 min,"Animation, Short, Comedy"," Sarah-Nicole Robles, Alex Hirsch, Wendie Malick, Bumper Robinson","Owl Pellets is a series of shorts about Luz, Eda, and King's antics with magic and the exploration of the Boiling Isles."
331,Train Guy,2019,9.8,1 min,Comedy," Bob Mortimer, Matt Berry","A commuter's video conversations with work colleagues documenting the details of business, banter and life in the 21st century."
332,Weather Report,2005,9.2,1 min,"Comedy, News"," David Lynch, Laura Dern, Emily Stofle, Lula Lynch",David Lynch gives daily weather reports in Los Angeles.
333,Fury Files,2012,5.2,1 min,"Animation, Action, Adventure",Chi McBride,Add a Plot
334,Cueio,2013,8.6,1 min,Animation," Ronaldo de Azevedo, Marcio Philomena",Add a Plot
335,CUEIO,2019,6.0,1 min,Animation," Vittor Ottoni, Ronaldo de Azevedo, Marcio Philomena",Add a Plot
336,S&P Videos,2018,4.8,1 min,"Comedy, Drama, Musical"," Amir Mohammad Jarban, Pouya Shahrokhfar, Sasy Mankan, Hamid Ghafarpour",Add a Plot
337,The Imp,2006,8.3,1 min,"Animation, Comedy, Fantasy"," Julian Rhind-Tutt, Stephen Mangan, Gavin Mitchell, Helen McAlpine","Short, cute and impossibly evil. A delightful comedy, packed with high doses of evil. The Imp is a light-hearted look at trying to square a career spreading the evil -with the mundane ...                See full summary »"
338,Dabox,1999,6.7,1 min,Comedy," Séverin Bavarel, Virgile Bramly, Justine Bruneau, Claire Pérot",Add a Plot
339,Drawn Dreams,2015,7.0,1 min,"Animation, Fantasy, Mystery",Coldmirror,Add a Plot
340,Axmo Deus,2020,9.2,1 min,Horror," Ken Fletcher, Noel Vinson, David MacPhail, Deirdre Campbell","You have officially been marked. Axmo Deus is an anthology series composed of 1-Minute films that run the spectrum from paranormal horror, gore and every bloodcurdling thing in between. There is safety in fear."
341,The Crystal Gems Say Be Anti-Racist,2020,6.4,1 min,"Animation, Family"," Deedee Magno, Estelle, Talia Cuomo, Michaela Dietz",A series of shorts in which the Crystal Gems educate children against racism.
342,Sidetalk,2019,9.7,1 min,Comedy,Trent Simonian,New York's one-minute street show
343,Today's Number Is...,2020,8.7,1 min,"Game-Show, Mystery, News",David Lynch,10 balls. Each ball has a number. Numbers 1 through 10. Swirl the numbers. Pick a number.
344,The Bartender Hates You,2009,7.0,1 min,"Short, Comedy"," Alan Stephens, David Martel, Bert Rotundo, Natalia Fedner","Generation Awesome, having spent time in the trenches of the Hollywood bar scene, have gathered their favorite war stories and brought them to life, THE BARTENDER HATES YOU. Join us as we ...                See full summary »"
345,Gloomy the Naughty Grizzly,2021,4.9,1 min,"Animation, Comedy"," Natsuki Hanae, Kôichi Yamadera","Gloomy, a bear was rescued by a little boy named Pity. At first, the bear was very cute but he was getting wilder as he grow up and forgot that he shouldn't attack humans. That's why he started attacking his owner Pity."
346,All About,2021,6.4,1 min,," Alex Logan, Milly Alcock, Bella Thorne, Eve Hewson","Get to know more about trending stars, movies, and shows with these short videos created by IMDb."
347,Warriors crystal: rebooted,2020,7.4,1 min,"Animation, Action, Adventure"," Heitor Victor, Frisk Dubs, Junior Nazo, Martim Barroso","3 friends were walking back school when they found powerful crystals made by an ancient god that could give them abnormal strength and other super powers, wich they used to fight the evil"
348,The Daily Bugle,2019,6.4,1 min,"Short, News"," Angourie Rice, J.K. Simmons, Tony Revolori, Tom Holland",Online news series covering the dangerous Spider-Man.
349,30-Second Bunny Theatre,2004,6.9,1 min,"Animation, Short, Comedy"," Jennifer Shiman, Douglas McInnes, John Mathot, Bryan Singer","Feature-length films re-enacted by bunnies, condensed to 30 seconds."
350,Beastly Behaviour,1994,6.0,1 min,"Animation, Short, Comedy",Rupert Farley,Comedic animation series explaining the mating habits of various creatures.
351,Bicentennial Minutes,1974,8.6,1 min,"Short, History"," Walter Cronkite, Cleveland Amory, Edward Asner, Roddy McDowall","Minute-long ""on this day in history"" shorts, used a countdown to America's bicentennial."
352,Heritage Minutes,1991,8.0,1 min,"Short, Drama, History"," Katherine Trowell, Steve Cumyn, Aidan Devine, Jean L'Italien",A series of short films illustrating interesting moments of Canadian history.
353,60 Seconds,2004,5.5,1 min,News," Tasmin Lucia-Khan, Sam Naz, Christopher Lee Johnson, James Harrod","News programme which summarizes all the day's news stories in a one minute bulletin, every hour."
354,Los pintin,1999,5.2,1 min,"Animation, Short, Adventure",,Add a Plot
355,På sofaen,2002,5.4,1 min,Animation,Gunnar Wille,"Each episode features a man lying down on a couch, unburdening his heart to an animated psychoanalyst who is sitting beside him in a soft armchair. The psychoanalyst sometimes takes a new ...                See full summary »"
356,The More You Know,1989,6.6,1 min,Family," Jason Alexander, Tatyana Ali, Jennifer Aniston, Christina Applegate","Launched in 1989, NBC's ""The More You Know"" series of brief public service announcements has utilized the talents of some of Hollywood's brightest stars (almost only actors appearing on ...                See full summary »"
357,Antivol,1977,4.8,1 min,Short," Daniel Ceccaldi, Sylvie Durepaire",Add a Plot
358,Urarochi Diamond,2001,4.6,1 min,Animation,,Add a Plot
359,La noiraude,1976,7.6,1 min,"Animation, Short, Family"," Ginette Garcin, Dominique Marcombe, Gilles Gay",Add a Plot
360,Stop for a Minute,2001,3.0,1 min,"Documentary, Animation, Short"," Jasper Pummell, Francis Pummell, Harmony Korine, Roman Coppola",Add a Plot
361,Quick & Flupke,1984,6.7,1 min,"Animation, Short, Comedy",Alain Perpète,"In these animated versions of cartoons, the eponymous rascals, naughty street-kids in the 'Marollen', a poor but colorful quarter of Brussels, spend their time playing pranks, mainly on ...                See full summary »"
362,Loeki de leeuw,1972,8.0,1 min,Animation,Joop Geesink,"Loeki ""the lion"" was an animated puppet, which appeared (between 1972 and 2004) in one or more ultra-short sketches, often even without any text or just an exclamation, rather like a ...                See full summary »"
363,Dyke Blend,1996,4.2,1 min,Comedy," Fay Masterson, Audrey Tom",A humorous and passionate parody inspired by a well-known coffee advert.
364,L'ours Maturin et la famille Wallace,1993,7.4,1 min,Comedy," Jean-Alexandre Blanchet, Laurent Deshusses, Vanessa Larré, Farney Dougoud",Add a Plot
365,Le journul,1999,6.3,1 min,Comedy,François Pérusse,Add a Plot
366,Purple and Brown,2006,7.5,1 min,"Animation, Comedy"," Richard Webber, Percy",The adventures of two clay blobs.
367,Avez-vous déjà vu..?,2006,7.5,1 min,"Animation, Comedy"," Alain Chabat, Marie Vincent, Karine Lyachenko, François Jerosme",Add a Plot
368,Lascars,1998,7.5,1 min,"Animation, Comedy"," Saïd Taghmaoui, Kader Ayd, Hocine Ossoukine, Doudou Masta",Cult animation series focused on troubles and tribulations of inner city youth in a sharp humorous way.
369,Tardisodes,2006,7.2,1 min,"Short, Sci-Fi"," Robert Booth, Noel Clarke, Silas Carson, Ruari Mears",Prologues to each episode of the second season of Doctor Who (2005).
370,La coccinelle de Gotlib,1995,4.4,1 min,"Animation, Comedy",,Add a Plot
371,Suicidal Squirrels,2007,5.0,1 min,"Animation, Short, Comedy",Robert Missler,Add a Plot
372,Snipets,1972,7.7,1 min,Family,,"""Snipets"" were a unique series of one-minute instructional shorts designed for use within general entertainment programs for children. Each sixty-second segment emphasized a positive human ...                See full summary »"
373,Prom Queen,2007,6.1,1 min,Drama," Katy Stoll, Sean Hankinson, Alexandra French, David Loren",A serialized mystery.
374,Big Chibi 6: The Shorts,2018,6.8,1 min,"Animation, Short, Comedy"," Genesis Rodriguez, Jamie Chung, Khary Payton, Ryan Potter",Add a Plot
375,No Comment,1993,7.2,1 min,News,Sharon Stone,Add a Plot
376,Star Wars Blips,2017,6.1,1 min,"Animation, Comedy",,"A series of animated YouTube shorts featuring comedic looks at BB-8, R2-D2, Chewbacca, and porgs, in promotion for the release of Star Wars: Episode VIII The Last Jedi."
377,Igor Katamaranov,2019,8.5,1 min,Comedy,Anton Lapenko,Short sketches parodying Russian regional TV.
378,ShKYa,2019,6.2,1 min,"Animation, Drama, Horror",,"Weird and mysterious scenes from ordinary life of a Russian boy, his family and office workers."
379,Faiabôru,2008,6.9,1 min,"Animation, Comedy, Sci-Fi"," Tôru Ohkawa, Miyuki Kawasho, Daisuke Gôri","In the distant future, gynoid duchess Drossel von Flügel lives in a manor with her arachnoid servant Gedächtnis."
380,Owl Pellets,2020,8.0,1 min,"Animation, Short, Comedy"," Sarah-Nicole Robles, Alex Hirsch, Wendie Malick, Bumper Robinson","Owl Pellets is a series of shorts about Luz, Eda, and King's antics with magic and the exploration of the Boiling Isles."
381,Train Guy,2019,9.8,1 min,Comedy," Bob Mortimer, Matt Berry","A commuter's video conversations with work colleagues documenting the details of business, banter and life in the 21st century."
382,Weather Report,2005,9.2,1 min,"Comedy, News"," David Lynch, Laura Dern, Emily Stofle, Lula Lynch",David Lynch gives daily weather reports in Los Angeles.
383,Fury Files,2012,5.2,1 min,"Animation, Action, Adventure",Chi McBride,Add a Plot
384,Cueio,2013,8.6,1 min,Animation," Ronaldo de Azevedo, Marcio Philomena",Add a Plot
385,CUEIO,2019,6.0,1 min,Animation," Vittor Ottoni, Ronaldo de Azevedo, Marcio Philomena",Add a Plot
386,S&P Videos,2018,4.8,1 min,"Comedy, Drama, Musical"," Amir Mohammad Jarban, Pouya Shahrokhfar, Sasy Mankan, Hamid Ghafarpour",Add a Plot
387,The Imp,2006,8.3,1 min,"Animation, Comedy, Fantasy"," Julian Rhind-Tutt, Stephen Mangan, Gavin Mitchell, Helen McAlpine","Short, cute and impossibly evil. A delightful comedy, packed with high doses of evil. The Imp is a light-hearted look at trying to square a career spreading the evil -with the mundane ...                See full summary »"
388,Dabox,1999,6.7,1 min,Comedy," Séverin Bavarel, Virgile Bramly, Justine Bruneau, Claire Pérot",Add a Plot
389,Drawn Dreams,2015,7.0,1 min,"Animation, Fantasy, Mystery",Coldmirror,Add a Plot
390,Axmo Deus,2020,9.2,1 min,Horror," Ken Fletcher, Noel Vinson, David MacPhail, Deirdre Campbell","You have officially been marked. Axmo Deus is an anthology series composed of 1-Minute films that run the spectrum from paranormal horror, gore and every bloodcurdling thing in between. There is safety in fear."
391,The Crystal Gems Say Be Anti-Racist,2020,6.4,1 min,"Animation, Family"," Deedee Magno, Estelle, Talia Cuomo, Michaela Dietz",A series of shorts in which the Crystal Gems educate children against racism.
392,Sidetalk,2019,9.7,1 min,Comedy,Trent Simonian,New York's one-minute street show
393,Today's Number Is...,2020,8.7,1 min,"Game-Show, Mystery, News",David Lynch,10 balls. Each ball has a number. Numbers 1 through 10. Swirl the numbers. Pick a number.
394,The Bartender Hates You,2009,7.0,1 min,"Short, Comedy"," Alan Stephens, David Martel, Bert Rotundo, Natalia Fedner","Generation Awesome, having spent time in the trenches of the Hollywood bar scene, have gathered their favorite war stories and brought them to life, THE BARTENDER HATES YOU. Join us as we ...                See full summary »"
395,Gloomy the Naughty Grizzly,2021,4.9,1 min,"Animation, Comedy"," Natsuki Hanae, Kôichi Yamadera","Gloomy, a bear was rescued by a little boy named Pity. At first, the bear was very cute but he was getting wilder as he grow up and forgot that he shouldn't attack humans. That's why he started attacking his owner Pity."
396,All About,2021,6.4,1 min,," Alex Logan, Milly Alcock, Bella Thorne, Eve Hewson","Get to know more about trending stars, movies, and shows with these short videos created by IMDb."
397,Warriors crystal: rebooted,2020,7.4,1 min,"Animation, Action, Adventure"," Heitor Victor, Frisk Dubs, Junior Nazo, Martim Barroso","3 friends were walking back school when they found powerful crystals made by an ancient god that could give them abnormal strength and other super powers, wich they used to fight the evil"
398,The Daily Bugle,2019,6.4,1 min,"Short, News"," Angourie Rice, J.K. Simmons, Tony Revolori, Tom Holland",Online news series covering the dangerous Spider-Man.
399,30-Second Bunny Theatre,2004,6.9,1 min,"Animation, Short, Comedy"," Jennifer Shiman, Douglas McInnes, John Mathot, Bryan Singer","Feature-length films re-enacted by bunnies, condensed to 30 seconds."
400,Beastly Behaviour,1994,6.0,1 min,"Animation, Short, Comedy",Rupert Farley,Comedic animation series explaining the mating habits of various creatures.
401,Bicentennial Minutes,1974,8.6,1 min,"Short, History"," Walter Cronkite, Cleveland Amory, Edward Asner, Roddy McDowall","Minute-long ""on this day in history"" shorts, used a countdown to America's bicentennial."
402,Heritage Minutes,1991,8.0,1 min,"Short, Drama, History"," Katherine Trowell, Steve Cumyn, Aidan Devine, Jean L'Italien",A series of short films illustrating interesting moments of Canadian history.
403,60 Seconds,2004,5.5,1 min,News," Tasmin Lucia-Khan, Sam Naz, Christopher Lee Johnson, James Harrod","News programme which summarizes all the day's news stories in a one minute bulletin, every hour."
404,Los pintin,1999,5.2,1 min,"Animation, Short, Adventure",,Add a Plot
405,På sofaen,2002,5.4,1 min,Animation,Gunnar Wille,"Each episode features a man lying down on a couch, unburdening his heart to an animated psychoanalyst who is sitting beside him in a soft armchair. The psychoanalyst sometimes takes a new ...                See full summary »"
406,The More You Know,1989,6.6,1 min,Family," Jason Alexander, Tatyana Ali, Jennifer Aniston, Christina Applegate","Launched in 1989, NBC's ""The More You Know"" series of brief public service announcements has utilized the talents of some of Hollywood's brightest stars (almost only actors appearing on ...                See full summary »"
407,Antivol,1977,4.8,1 min,Short," Daniel Ceccaldi, Sylvie Durepaire",Add a Plot
408,Urarochi Diamond,2001,4.6,1 min,Animation,,Add a Plot
409,La noiraude,1976,7.6,1 min,"Animation, Short, Family"," Ginette Garcin, Dominique Marcombe, Gilles Gay",Add a Plot
410,Stop for a Minute,2001,3.0,1 min,"Documentary, Animation, Short"," Jasper Pummell, Francis Pummell, Harmony Korine, Roman Coppola",Add a Plot
411,Quick & Flupke,1984,6.7,1 min,"Animation, Short, Comedy",Alain Perpète,"In these animated versions of cartoons, the eponymous rascals, naughty street-kids in the 'Marollen', a poor but colorful quarter of Brussels, spend their time playing pranks, mainly on ...                See full summary »"
412,Loeki de leeuw,1972,8.0,1 min,Animation,Joop Geesink,"Loeki ""the lion"" was an animated puppet, which appeared (between 1972 and 2004) in one or more ultra-short sketches, often even without any text or just an exclamation, rather like a ...                See full summary »"
413,Dyke Blend,1996,4.2,1 min,Comedy," Fay Masterson, Audrey Tom",A humorous and passionate parody inspired by a well-known coffee advert.
414,L'ours Maturin et la famille Wallace,1993,7.4,1 min,Comedy," Jean-Alexandre Blanchet, Laurent Deshusses, Vanessa Larré, Farney Dougoud",Add a Plot
415,Le journul,1999,6.3,1 min,Comedy,François Pérusse,Add a Plot
416,Purple and Brown,2006,7.5,1 min,"Animation, Comedy"," Richard Webber, Percy",The adventures of two clay blobs.
417,Avez-vous déjà vu..?,2006,7.5,1 min,"Animation, Comedy"," Alain Chabat, Marie Vincent, Karine Lyachenko, François Jerosme",Add a Plot
418,Lascars,1998,7.5,1 min,"Animation, Comedy"," Saïd Taghmaoui, Kader Ayd, Hocine Ossoukine, Doudou Masta",Cult animation series focused on troubles and tribulations of inner city youth in a sharp humorous way.
419,Tardisodes,2006,7.2,1 min,"Short, Sci-Fi"," Robert Booth, Noel Clarke, Silas Carson, Ruari Mears",Prologues to each episode of the second season of Doctor Who (2005).
420,La coccinelle de Gotlib,1995,4.4,1 min,"Animation, Comedy",,Add a Plot
421,Suicidal Squirrels,2007,5.0,1 min,"Animation, Short, Comedy",Robert Missler,Add a Plot
422,Snipets,1972,7.7,1 min,Family,,"""Snipets"" were a unique series of one-minute instructional shorts designed for use within general entertainment programs for children. Each sixty-second segment emphasized a positive human ...                See full summary »"
423,Prom Queen,2007,6.1,1 min,Drama," Katy Stoll, Sean Hankinson, Alexandra French, David Loren",A serialized mystery.
424,Big Chibi 6: The Shorts,2018,6.8,1 min,"Animation, Short, Comedy"," Genesis Rodriguez, Jamie Chung, Khary Payton, Ryan Potter",Add a Plot
425,No Comment,1993,7.2,1 min,News,Sharon Stone,Add a Plot
426,Star Wars Blips,2017,6.1,1 min,"Animation, Comedy",,"A series of animated YouTube shorts featuring comedic looks at BB-8, R2-D2, Chewbacca, and porgs, in promotion for the release of Star Wars: Episode VIII The Last Jedi."
427,Igor Katamaranov,2019,8.5,1 min,Comedy,Anton Lapenko,Short sketches parodying Russian regional TV.
428,ShKYa,2019,6.2,1 min,"Animation, Drama, Horror",,"Weird and mysterious scenes from ordinary life of a Russian boy, his family and office workers."
429,Faiabôru,2008,6.9,1 min,"Animation, Comedy, Sci-Fi"," Tôru Ohkawa, Miyuki Kawasho, Daisuke Gôri","In the distant future, gynoid duchess Drossel von Flügel lives in a manor with her arachnoid servant Gedächtnis."
430,Owl Pellets,2020,8.0,1 min,"Animation, Short, Comedy"," Sarah-Nicole Robles, Alex Hirsch, Wendie Malick, Bumper Robinson","Owl Pellets is a series of shorts about Luz, Eda, and King's antics with magic and the exploration of the Boiling Isles."
431,Train Guy,2019,9.8,1 min,Comedy," Bob Mortimer, Matt Berry","A commuter's video conversations with work colleagues documenting the details of business, banter and life in the 21st century."
432,Weather Report,2005,9.2,1 min,"Comedy, News"," David Lynch, Laura Dern, Emily Stofle, Lula Lynch",David Lynch gives daily weather reports in Los Angeles.
433,Fury Files,2012,5.2,1 min,"Animation, Action, Adventure",Chi McBride,Add a Plot
434,Cueio,2013,8.6,1 min,Animation," Ronaldo de Azevedo, Marcio Philomena",Add a Plot
435,CUEIO,2019,6.0,1 min,Animation," Vittor Ottoni, Ronaldo de Azevedo, Marcio Philomena",Add a Plot
436,S&P Videos,2018,4.8,1 min,"Comedy, Drama, Musical"," Amir Mohammad Jarban, Pouya Shahrokhfar, Sasy Mankan, Hamid Ghafarpour",Add a Plot
437,The Imp,2006,8.3,1 min,"Animation, Comedy, Fantasy"," Julian Rhind-Tutt, Stephen Mangan, Gavin Mitchell, Helen McAlpine","Short, cute and impossibly evil. A delightful comedy, packed with high doses of evil. The Imp is a light-hearted look at trying to square a career spreading the evil -with the mundane ...                See full summary »"
438,Dabox,1999,6.7,1 min,Comedy," Séverin Bavarel, Virgile Bramly, Justine Bruneau, Claire Pérot",Add a Plot
439,Drawn Dreams,2015,7.0,1 min,"Animation, Fantasy, Mystery",Coldmirror,Add a Plot
440,Axmo Deus,2020,9.2,1 min,Horror," Ken Fletcher, Noel Vinson, David MacPhail, Deirdre Campbell","You have officially been marked. Axmo Deus is an anthology series composed of 1-Minute films that run the spectrum from paranormal horror, gore and every bloodcurdling thing in between. There is safety in fear."
441,The Crystal Gems Say Be Anti-Racist,2020,6.4,1 min,"Animation, Family"," Deedee Magno, Estelle, Talia Cuomo, Michaela Dietz",A series of shorts in which the Crystal Gems educate children against racism.
442,Sidetalk,2019,9.7,1 min,Comedy,Trent Simonian,New York's one-minute street show
443,Today's Number Is...,2020,8.7,1 min,"Game-Show, Mystery, News",David Lynch,10 balls. Each ball has a number. Numbers 1 through 10. Swirl the numbers. Pick a number.
444,The Bartender Hates You,2009,7.0,1 min,"Short, Comedy"," Alan Stephens, David Martel, Bert Rotundo, Natalia Fedner","Generation Awesome, having spent time in the trenches of the Hollywood bar scene, have gathered their favorite war stories and brought them to life, THE BARTENDER HATES YOU. Join us as we ...                See full summary »"
445,Gloomy the Naughty Grizzly,2021,4.9,1 min,"Animation, Comedy"," Natsuki Hanae, Kôichi Yamadera","Gloomy, a bear was rescued by a little boy named Pity. At first, the bear was very cute but he was getting wilder as he grow up and forgot that he shouldn't attack humans. That's why he started attacking his owner Pity."
446,All About,2021,6.4,1 min,," Alex Logan, Milly Alcock, Bella Thorne, Eve Hewson","Get to know more about trending stars, movies, and shows with these short videos created by IMDb."
447,Warriors crystal: rebooted,2020,7.4,1 min,"Animation, Action, Adventure"," Heitor Victor, Frisk Dubs, Junior Nazo, Martim Barroso","3 friends were walking back school when they found powerful crystals made by an ancient god that could give them abnormal strength and other super powers, wich they used to fight the evil"
448,The Daily Bugle,2019,6.4,1 min,"Short, News"," Angourie Rice, J.K. Simmons, Tony Revolori, Tom Holland",Online news series covering the dangerous Spider-Man.
449,30-Second Bunny Theatre,2004,6.9,1 min,"Animation, Short, Comedy"," Jennifer Shiman, Douglas McInnes, John Mathot, Bryan Singer","Feature-length films re-enacted by bunnies, condensed to 30 seconds."
450,Beastly Behaviour,1994,6.0,1 min,"Animation, Short, Comedy",Rupert Farley,Comedic animation series explaining the mating habits of various creatures.
451,Bicentennial Minutes,1974,8.6,1 min,"Short, History"," Walter Cronkite, Cleveland Amory, Edward Asner, Roddy McDowall","Minute-long ""on this day in history"" shorts, used a countdown to America's bicentennial."
452,Heritage Minutes,1991,8.0,1 min,"Short, Drama, History"," Katherine Trowell, Steve Cumyn, Aidan Devine, Jean L'Italien",A series of short films illustrating interesting moments of Canadian history.
453,60 Seconds,2004,5.5,1 min,News," Tasmin Lucia-Khan, Sam Naz, Christopher Lee Johnson, James Harrod","News programme which summarizes all the day's news stories in a one minute bulletin, every hour."
454,Los pintin,1999,5.2,1 min,"Animation, Short, Adventure",,Add a Plot
455,På sofaen,2002,5.4,1 min,Animation,Gunnar Wille,"Each episode features a man lying down on a couch, unburdening his heart to an animated psychoanalyst who is sitting beside him in a soft armchair. The psychoanalyst sometimes takes a new ...                See full summary »"
456,The More You Know,1989,6.6,1 min,Family," Jason Alexander, Tatyana Ali, Jennifer Aniston, Christina Applegate","Launched in 1989, NBC's ""The More You Know"" series of brief public service announcements has utilized the talents of some of Hollywood's brightest stars (almost only actors appearing on ...                See full summary »"
457,Antivol,1977,4.8,1 min,Short," Daniel Ceccaldi, Sylvie Durepaire",Add a Plot
458,Urarochi Diamond,2001,4.6,1 min,Animation,,Add a Plot
459,La noiraude,1976,7.6,1 min,"Animation, Short, Family"," Ginette Garcin, Dominique Marcombe, Gilles Gay",Add a Plot
460,Stop for a Minute,2001,3.0,1 min,"Documentary, Animation, Short"," Jasper Pummell, Francis Pummell, Harmony Korine, Roman Coppola",Add a Plot
461,Quick & Flupke,1984,6.7,1 min,"Animation, Short, Comedy",Alain Perpète,"In these animated versions of cartoons, the eponymous rascals, naughty street-kids in the 'Marollen', a poor but colorful quarter of Brussels, spend their time playing pranks, mainly on ...                See full summary »"
462,Loeki de leeuw,1972,8.0,1 min,Animation,Joop Geesink,"Loeki ""the lion"" was an animated puppet, which appeared (between 1972 and 2004) in one or more ultra-short sketches, often even without any text or just an exclamation, rather like a ...                See full summary »"
463,Dyke Blend,1996,4.2,1 min,Comedy," Fay Masterson, Audrey Tom",A humorous and passionate parody inspired by a well-known coffee advert.
464,L'ours Maturin et la famille Wallace,1993,7.4,1 min,Comedy," Jean-Alexandre Blanchet, Laurent Deshusses, Vanessa Larré, Farney Dougoud",Add a Plot
465,Le journul,1999,6.3,1 min,Comedy,François Pérusse,Add a Plot
466,Purple and Brown,2006,7.5,1 min,"Animation, Comedy"," Richard Webber, Percy",The adventures of two clay blobs.
467,Avez-vous déjà vu..?,2006,7.5,1 min,"Animation, Comedy"," Alain Chabat, Marie Vincent, Karine Lyachenko, François Jerosme",Add a Plot
468,Lascars,1998,7.5,1 min,"Animation, Comedy"," Saïd Taghmaoui, Kader Ayd, Hocine Ossoukine, Doudou Masta",Cult animation series focused on troubles and tribulations of inner city youth in a sharp humorous way.
469,Tardisodes,2006,7.2,1 min,"Short, Sci-Fi"," Robert Booth, Noel Clarke, Silas Carson, Ruari Mears",Prologues to each episode of the second season of Doctor Who (2005).
470,La coccinelle de Gotlib,1995,4.4,1 min,"Animation, Comedy",,Add a Plot
471,Suicidal Squirrels,2007,5.0,1 min,"Animation, Short, Comedy",Robert Missler,Add a Plot
472,Snipets,1972,7.7,1 min,Family,,"""Snipets"" were a unique series of one-minute instructional shorts designed for use within general entertainment programs for children. Each sixty-second segment emphasized a positive human ...                See full summary »"
473,Prom Queen,2007,6.1,1 min,Drama," Katy Stoll, Sean Hankinson, Alexandra French, David Loren",A serialized mystery.
474,Big Chibi 6: The Shorts,2018,6.8,1 min,"Animation, Short, Comedy"," Genesis Rodriguez, Jamie Chung, Khary Payton, Ryan Potter",Add a Plot
475,No Comment,1993,7.2,1 min,News,Sharon Stone,Add a Plot
476,Star Wars Blips,2017,6.1,1 min,"Animation, Comedy",,"A series of animated YouTube shorts featuring comedic looks at BB-8, R2-D2, Chewbacca, and porgs, in promotion for the release of Star Wars: Episode VIII The Last Jedi."
477,Igor Katamaranov,2019,8.5,1 min,Comedy,Anton Lapenko,Short sketches parodying Russian regional TV.
478,ShKYa,2019,6.2,1 min,"Animation, Drama, Horror",,"Weird and mysterious scenes from ordinary life of a Russian boy, his family and office workers."
479,Faiabôru,2008,6.9,1 min,"Animation, Comedy, Sci-Fi"," Tôru Ohkawa, Miyuki Kawasho, Daisuke Gôri","In the distant future, gynoid duchess Drossel von Flügel lives in a manor with her arachnoid servant Gedächtnis."
480,Owl Pellets,2020,8.0,1 min,"Animation, Short, Comedy"," Sarah-Nicole Robles, Alex Hirsch, Wendie Malick, Bumper Robinson","Owl Pellets is a series of shorts about Luz, Eda, and King's antics with magic and the exploration of the Boiling Isles."
481,Train Guy,2019,9.8,1 min,Comedy," Bob Mortimer, Matt Berry","A commuter's video conversations with work colleagues documenting the details of business, banter and life in the 21st century."
482,Weather Report,2005,9.2,1 min,"Comedy, News"," David Lynch, Laura Dern, Emily Stofle, Lula Lynch",David Lynch gives daily weather reports in Los Angeles.
483,Fury Files,2012,5.2,1 min,"Animation, Action, Adventure",Chi McBride,Add a Plot
484,Cueio,2013,8.6,1 min,Animation," Ronaldo de Azevedo, Marcio Philomena",Add a Plot
485,CUEIO,2019,6.0,1 min,Animation," Vittor Ottoni, Ronaldo de Azevedo, Marcio Philomena",Add a Plot
486,S&P Videos,2018,4.8,1 min,"Comedy, Drama, Musical"," Amir Mohammad Jarban, Pouya Shahrokhfar, Sasy Mankan, Hamid Ghafarpour",Add a Plot
487,The Imp,2006,8.3,1 min,"Animation, Comedy, Fantasy"," Julian Rhind-Tutt, Stephen Mangan, Gavin Mitchell, Helen McAlpine","Short, cute and impossibly evil. A delightful comedy, packed with high doses of evil. The Imp is a light-hearted look at trying to square a career spreading the evil -with the mundane ...                See full summary »"
488,Dabox,1999,6.7,1 min,Comedy," Séverin Bavarel, Virgile Bramly, Justine Bruneau, Claire Pérot",Add a Plot
489,Drawn Dreams,2015,7.0,1 min,"Animation, Fantasy, Mystery",Coldmirror,Add a Plot
490,Axmo Deus,2020,9.2,1 min,Horror," Ken Fletcher, Noel Vinson, David MacPhail, Deirdre Campbell","You have officially been marked. Axmo Deus is an anthology series composed of 1-Minute films that run the spectrum from paranormal horror, gore and every bloodcurdling thing in between. There is safety in fear."
491,The Crystal Gems Say Be Anti-Racist,2020,6.4,1 min,"Animation, Family"," Deedee Magno, Estelle, Talia Cuomo, Michaela Dietz",A series of shorts in which the Crystal Gems educate children against racism.
492,Sidetalk,2019,9.7,1 min,Comedy,Trent Simonian,New York's one-minute street show
493,Today's Number Is...,2020,8.7,1 min,"Game-Show, Mystery, News",David Lynch,10 balls. Each ball has a number. Numbers 1 through 10. Swirl the numbers. Pick a number.
494,The Bartender Hates You,2009,7.0,1 min,"Short, Comedy"," Alan Stephens, David Martel, Bert Rotundo, Natalia Fedner","Generation Awesome, having spent time in the trenches of the Hollywood bar scene, have gathered their favorite war stories and brought them to life, THE BARTENDER HATES YOU. Join us as we ...                See full summary »"
495,Gloomy the Naughty Grizzly,2021,4.9,1 min,"Animation, Comedy"," Natsuki Hanae, Kôichi Yamadera","Gloomy, a bear was rescued by a little boy named Pity. At first, the bear was very cute but he was getting wilder as he grow up and forgot that he shouldn't attack humans. That's why he started attacking his owner Pity."
496,All About,2021,6.4,1 min,," Alex Logan, Milly Alcock, Bella Thorne, Eve Hewson","Get to know more about trending stars, movies, and shows with these short videos created by IMDb."
497,Warriors crystal: rebooted,2020,7.4,1 min,"Animation, Action, Adventure"," Heitor Victor, Frisk Dubs, Junior Nazo, Martim Barroso","3 friends were walking back school when they found powerful crystals made by an ancient god that could give them abnormal strength and other super powers, wich they used to fight the evil"
498,The Daily Bugle,2019,6.4,1 min,"Short, News"," Angourie Rice, J.K. Simmons, Tony Revolori, Tom Holland",Online news series covering the dangerous Spider-Man.
499,30-Second Bunny Theatre,2004,6.9,1 min,"Animation, Short, Comedy"," Jennifer Shiman, Douglas McInnes, John Mathot, Bryan Singer","Feature-length films re-enacted by bunnies, condensed to 30 seconds."
